class,year,month
2025,2007,01
2025,2006,09
2025,2007,05
2027,2009,03
2026,2008,10
2027,2008,01
2026,2008,01
2024,2006,04
2026,2007,10
2027,2007,12
2027,2009,07
2024,2005,03
2025,2007,04
2025,2006,09
2027,2009,02
2027,2009,07
2025,2007,03
2024,2006,04
2025,2007,06
2027,2009,01
2026,2007,07
2024,2005,10
2026,2007,01
2027,2007,11
2024,2005,04
2027,2009,07
2026,2007,08
2024,2006,10
2025,2006,10
2027,2009,04
2025,2006,10
2024,2005,01
2026,2007,06
2027,2008,10
2026,2007,07
2024,2006,03
2025,2006,10
2024,2006,03
2024,2005,10
2025,2006,08
2026,2007,07
2026,2007,09
2024,2006,05
2026,2008,01
2025,2006,08
2024,2006,01
2026,2008,03
2024,2005,12
2027,2009,09
2026,2007,09
2026,2008,05
2024,2004,10
2027,2009,01
2026,2007,12
2025,2007,02
2025,2006,06
2025,2007,08
2024,2006,01
2025,2007,04
2027,2008,02
2025,2006,08
2024,2006,03
2027,2008,03
2026,2007,10
2024,2006,01
2024,2005,07
2026,2008,05
2025,2007,08
2025,2007,03
2025,2007,02
2027,2009,04
2027,2008,05
2024,2004,10
2026,2008,04
2024,2006,02
2026,2007,03
2024,2005,10
2025,2007,07
2024,2005,12
2024,2005,02
2024,2005,04
2024,2005,08
2024,2005,09
2027,2009,06
2027,2008,01
2026,2007,06
2024,2006,05
2025,2007,03
2024,2006,07
2025,2006,08
2025,2006,11
2024,2006,01
2025,2007,02
2025,2007,05
2024,2006,06
2026,2007,04
2026,2008,03
2027,2008,11
2025,2006,03
2025,2007,01
2025,2006,02
2024,2006,07
2025,2006,11
2026,2007,08
2024,2005,05
2024,2006,01
2025,2006,10
2024,2005,05
2027,2008,12
2024,2006,11
2024,2005,10
2025,2006,11
2026,2007,03
2026,2008,03
2027,2008,08
2027,2008,09
2025,2006,11
2026,2007,01
2025,2006,10
2026,2007,06
2024,2005,01
2025,2006,05
2024,2004,10
2025,2005,10
2026,2007,09
2024,2006,02
2024,2005,01
2026,2007,05
2024,2005,09
2024,2005,09
2025,2006,10
2027,2008,02
2025,2007,02
2024,2005,07
2024,2006,02
2025,2006,09
2024,2005,10
2025,2006,09
2024,2006,04
2025,2007,07
2026,2008,04
2025,2006,10
2027,2008,09
2027,2009,06
2024,2005,09
2025,2005,12
2027,2008,02
2024,2005,04
2026,2007,06
2026,2007,06
2026,2008,10
2025,2006,09
2027,2008,04
2027,2008,02
2027,2009,06
2025,2007,05
2027,2009,08
2025,2007,04
2027,2007,12
2024,2006,07
2024,2005,12
2026,2008,07
2026,2008,04
2026,2007,12
2024,2005,07
2024,2005,07
2024,2005,05
2026,2007,04
2026,2008,06
2024,2005,07
2024,2006,05
2024,2006,02
2026,2008,08
2025,2006,10
2025,2007,06
2024,2005,12
2026,2006,10
2026,2007,02
2024,2005,12
2026,2007,10
2026,2008,05
2026,2007,11
2024,2005,08
2026,2008,05
2026,2006,09
2024,2004,12
2026,2006,09
2024,2005,08
2026,2008,04
2026,2008,06
2026,2007,10
2026,2008,09
2027,2009,09
2025,2007,06
2025,2007,07
2025,2005,09
2027,2008,10
2026,2008,07
2024,2005,12
2027,2009,01
2025,2007,02
2026,2007,09
2024,2004,12
2025,2007,01
2024,2004,12
2025,2006,11
2025,2006,10
2027,2008,09
2026,2008,05
2026,2007,10
2024,2004,08
2025,2007,08
2026,2008,01
2024,2005,11
2025,2007,05
2024,2006,02
2024,2005,02
2025,2007,05
2026,2008,01
2024,2005,12
2025,2006,09
2027,2009,03
2024,2005,08
2025,2006,02
2026,2008,03
2025,2006,07
2025,2007,07
2026,2007,12
2027,2008,09
2024,2005,09
2024,2005,04
2027,2008,09
2024,2005,09
2024,2005,04
2025,2006,01
2027,2007,11
2027,2008,02
2027,2007,10
2026,2008,02
2026,2008,03
2026,2007,10
2024,2005,03
2027,2008,04
2024,2006,04
2027,2007,11
2027,2008,08
2024,2005,05
2027,2009,03
2024,2005,09
2026,2007,07
2025,2007,03
2026,2006,09
2025,2007,08
2024,2006,02
2025,2006,06
2027,2008,03
2025,2007,07
2024,2005,06
2025,2006,10
2024,2005,08
2027,2008,12
2024,2005,12
2027,2009,06
2024,2005,09
2027,2008,12
2026,2007,10
2026,2008,01
2024,2006,03
2025,2006,06
2026,2008,07
2024,2005,05
2024,2006,06
2027,2007,12
2027,2009,01
2027,2009,09
2026,2007,09
2024,2005,08
2026,2007,09
2027,2009,05
2026,2007,10
2025,2007,07
2026,2007,05
2025,2005,08
2027,2008,12
2025,2006,07
2027,2009,05
2027,2008,05
2025,2006,07
2027,2008,01
2024,2005,07
2026,2006,11
2027,2008,03
2024,2005,11
2027,2008,05
2024,2005,08
2024,2004,10
2026,2007,03
2025,2006,08
2025,2005,12
2025,2006,08
2027,2009,01
2027,2008,05
2024,2005,03
2025,2007,05
2024,2006,02
2025,2006,01
2025,2006,12
2025,2007,01
2026,2008,06
2025,2007,01
2025,2007,03
2025,2006,01
2024,2004,12
2027,2009,04
2024,2006,06
2024,2006,06
2025,2006,11
2024,2005,09
2024,2005,04
2025,2007,10
2027,2009,08
2025,2005,09
2024,2006,01
2026,2008,03
2024,2005,08
2026,2007,08
2025,2007,02
2025,2006,02
2024,2004,12
2025,2006,11
2024,2005,04
2027,2009,07
2025,2007,01
2027,2009,10
2027,2009,02
2024,2005,07
2026,2008,05
2026,2006,11
2024,2005,12
2027,2008,08
2024,2005,05
2026,2007,12
2026,2008,07
2025,2006,10
2025,2006,09
2026,2007,09
2025,2005,09
2026,2007,10
2025,2007,02
2026,2007,09
2024,2004,10
2027,2008,11
2024,2005,07
2027,2008,09
2026,2006,08
2025,2007,11
2026,2008,05
2024,2005,12
2026,2007,05
2024,2006,02
2027,2008,10
2024,2006,01
2024,2006,06
2024,2004,03
2026,2008,04
2024,2006,03
2027,2009,05
2027,2008,08
2026,2007,04
2026,2007,08
2024,2005,10
2024,2005,09
2025,2005,08
2026,2008,08
2024,2005,11
2026,2008,04
2025,2007,04
2024,2006,02
2024,2006,05
2024,2005,03
2027,2008,05
2025,2007,05
2024,2005,12
2025,2006,09
2024,2005,01
2026,2007,06
2026,2007,11
2024,2004,10
2025,2006,04
2024,2005,05
2026,2006,12
2024,2005,05
2025,2006,07
2024,2004,10
2025,2007,02
2026,2007,07
2024,2004,06
2024,2005,09
2027,2009,01
2024,2004,09
2025,2007,07
2025,2006,06
2025,2005,10
2025,2006,08
2026,2007,08
2024,2005,12
2027,2009,05
2024,2006,06
2025,2006,06
2027,2008,12
2026,2008,03
2025,2006,03
2024,2006,05
2025,2006,03
2025,2006,10
2026,2007,02
2024,2005,06
2025,2006,09
2027,2008,09
2025,2006,07
2025,2007,02
2025,2007,04
2027,2009,05
2025,2006,09
2026,2008,05
2024,2006,11
2026,2007,10
2025,2007,04
2027,2009,05
2025,2007,02
2026,2007,11
2024,2006,08
2024,2006,01
2026,2008,03
2027,2008,08
2026,2007,08
2027,2009,03
2024,2004,09
2025,2007,04
2024,2006,08
2026,2008,06
2025,2006,07
2027,2009,05
2025,2007,01
2025,2007,05
2027,2008,08
2025,2006,05
2024,2005,10
2026,2007,08
2025,2006,07
2024,2004,11
2026,2008,04
2024,2006,10
2025,2005,10
2024,2004,10
2024,2006,08
2025,2007,01
2024,2006,03
2024,2005,11
2025,2007,01
2027,2008,11
2024,2006,04
2027,2008,12
2024,2005,10
2024,2004,08
2026,2008,05
2024,2005,10
2024,2006,05
2027,2008,05
2024,2006,06
2027,2009,02
2024,2005,06
2026,2008,05
2025,2006,04
2026,2007,04
2024,2005,07
2025,2007,05
2024,2005,11
2026,2008,06
2026,2008,06
2024,2005,12
2026,2006,12
2025,2005,12
2024,2005,04
2027,2009,04
2025,2007,11
2025,2006,06
2026,2007,10
2025,2006,11
2024,2005,10
2025,2006,07
2024,2005,08
2026,2007,10
2024,2006,11
2025,2007,05
2025,2005,11
2025,2005,11
2027,2008,08
2025,2007,01
2025,2006,07
2024,2006,04
2024,2004,06
2026,2007,08
2027,2009,09
2026,2007,08
2024,2005,08
2027,2009,01
2024,2006,01
2026,2008,03
2025,2005,11
2027,2009,02
2024,2005,09
2024,2006,06
2026,2007,09
2025,2007,02
2024,2006,04
2026,2007,09
2025,2007,01
2025,2007,02
2026,2008,12
2025,2006,05
2026,2007,08
2024,2005,05
2024,2004,10
2026,2007,08
2024,2006,12
2024,2005,10
2026,2008,05
2024,2004,09
2025,2006,03
2024,2005,11
2024,2005,08
2025,2007,04
2025,2006,10
2025,2007,04
2025,2005,05
2027,2008,12
2024,2005,01
2024,2006,03
2026,2008,05
2025,2006,09
2027,2008,03
2024,2005,10
2024,2006,03
2025,2006,08
2026,2008,07
2025,2007,01
2026,2007,09
2025,2005,12
2026,2008,08
2026,2007,04
2025,2007,01
2025,2007,04
2025,2007,05
2025,2007,07
2025,2005,12
2025,2006,03
2025,2007,03
2024,2006,06
2026,2006,11
2025,2005,11
2024,2006,04
2027,2008,07
2024,2004,11
2025,2005,12
2026,2008,02
2025,2005,09
2025,2006,12
2024,2005,08
2026,2006,11
2025,2007,03
2025,2005,07
2025,2007,04
2025,2005,10
2025,2007,03
2024,2005,06
2024,2006,08
2026,2007,11
2024,2004,07
2026,2007,11
2026,2007,11
2024,2005,02
2024,2005,03
2025,2007,06
2024,2005,12
2025,2006,11
2025,2005,09
2027,2008,03
2024,2004,02
2024,2005,07
2027,2008,12
2024,2005,04
2024,2006,03
2026,2007,03
2027,2008,09
2026,2007,05
2027,2008,06
2027,2008,07
2026,2007,01
2024,2004,10
2024,2005,07
2026,2008,05
2027,2008,12
2026,2007,06
2026,2007,06
2027,2008,08
2024,2005,06
2024,2006,07
2026,2008,05
2024,2006,01
2025,2007,03
2025,2005,10
2027,2008,03
2025,2007,08
2024,2005,12
2026,2008,03
2024,2005,04
2025,2007,02
2025,2006,06
2025,2005,12
2025,2007,03
2027,2008,06
2026,2007,03
2024,2005,12
2025,2007,01
2024,2005,09
2027,2009,03
2025,2006,10
2026,2008,06
2026,2007,11
2025,2006,12
2026,2007,09
2026,2008,04
2024,2005,11
2027,2009,06
2025,2006,11
2026,2008,07
2026,2007,06
2024,2006,07
2024,2005,09
2025,2006,02
2026,2007,11
2026,2007,07
2026,2008,07
2024,2005,06
2026,2007,10
2027,2008,09
2025,2007,08
